http://coffee-franchise.ru/franchise/franshiza-kofeyni-tucano-coffee/;"
Франшиза кофейни ""TUCANO COFFEE"" - Каталог франшиз кофеен и кофе с собой 2019 ";"Дополнительные города: Белоруссия: Минск; Казахстан: Алма-Ата; Россия: Челябинск, Казань, Нижний Новгород, Омск, Самара, Уфа, Ростов-на-Дону, Красноярск, Воронеж; Украина: Харьков; Армения: Ереван Tukano Coffee – сеть молдавских кофеен, формата кофешоп, которая за несколько лет сделала успешные шаги в освоении международного бизнес-пространства. Главная задача, которую поставили перед собой организаторы – создание уникальной и незабываемой атмосферы, сюда хочется …";Франшиза кофейни «TUCANO COFFEE»
http://coffee-franchise.ru/contact/;"
Контакты - Каталог франшиз кофеен и кофе с собой 2019 ";Чтобы связаться с адмнистрацией, пишите на почту: zakaz@coffee-franchise.ru с темой сообщения «Администрации». Для обратной связи или других вопросов воспользуйтесь виджетом справа в углу, или формой обратной связи ниже:;
http://coffee-franchise.ru/o-nas/;"
О нас - Каталог франшиз кофеен и кофе с собой 2019 ";О проекте каталоге франшиз Работа по франшизе Во все времена собственный бизнес – это возможность не только выйти на достойный заработок, но и быть, что называется, хозяином своей жизни. Кроме того, он позволяет вести интересную деятельность, а это уже очень много в достижении целей. Отличный вариант начала своего дела – работа по франшизе. Заметьте, что …;О проекте каталоге франшиз
http://coffee-franchise.ru/add/;"
Добавить франшизу в каталог Франшиз 2019 ";Добавить франшизу Мы принимаем франшизы кофеен со всей России, СНГ и Мира! Пожалуйста, пришлите подробную информацию о вашей франшизы. В форме ниже заполните поля с информацией о вашей франшизе. Имя представителя, почта представителя, почта для заявок, а также в свободной форме поля: 1. Первоначальный взнос 2. Инвестиции 3. Роялти, в месяц 4. Прогнозируемый доход 5. …;Добавить франшизу
http://coffee-franchise.ru/;"
Каталог франшиз малого и среднего бизнеса в России - Coffee-Franchise.ru 2019 ";Мы представляем вам каталог недорогих франшиз в России! Только лучшие франшизы малого бизнеса - кофеен. Минимум вложений и максимум прибыли. Самые интересные предложения франшиз кофейни.;Каталог франшиз кофеен и кофе с собой в России
http://coffee-franchise.ru/franchise/franshiza-kofe-hauz/;"
Франшиза Кофе Хауз - Каталог франшиз кофеен и кофе с собой 2019 ";"Дополнительные города: Россия: Самара, Красноярск, Воронеж, Омск, Нижний Новгород, Казань, Уфа, Ростов-на-Дону, Красноярск, Челябинск; Общие затраты на проект: $ 110 000 Презентация Кофе Хауз";Франшиза Кофе Хауз
http://coffee-franchise.ru/franchise/franshiza-kofein/;"
Франшиза Кофеин - Каталог франшиз кофеен и кофе с собой 2019 ";"Дополнительные города: Украина: Харьков; Узбекистан: Ташкент; Россия: Самара, Казань, Красноярск, Омск, Новосибирск, Нижний Новгород, Воронеж, Уфа, Ростов-на-Дону, Красноярск, Челябинск";Франшиза Кофеин
http://coffee-franchise.ru/franchise/set-kofe-barov-coffee-smile/;"
Сеть кофе-баров Coffee Smile - Каталог франшиз кофеен и кофе с собой 2019 ";"Дополнительные города: Украина: Киев, Харьков Россия: Екатеринбург, Нижний Новгород, Казань, Челябинск, Омск, Самара, Уфа, Ростов-на-Дону, Красноярск, Воронеж; Рассматриваете вариант собственного бизнеса? Стоит обратить внимание на франшизу Coffee Smile Family, которую представляет молодая, но уверенно развивающаяся компания. Главными преимуществами такого бизнеса станет уникальная рецептура кофе и креативность бренда. За короткое время сеть завоевала заслуженную популярность необычным …";Сеть кофе-баров Coffee Smile
http://coffee-franchise.ru/franchise/franshiza-my/;"
Франшиза MY - Каталог франшиз кофеен и кофе с собой 2019 ";"Дополнительные города: Казахстан: Алма-Ата; Азербайджан: Баку; Белоруссия: Минск; Россия: Уфа, Нижний Новгород, Челябинск, Омск, Самара, Новосибирск, Екатеринбург, Ростов-на-Дону, Красноярск, Воронеж; Армения: Ереван Компания из Санкт-Петербурга MY представляет успешно развивающуюся сеть  в формате кофе-баров (премиум) MY. Что специалисты компании предлагают партнеру, купившему франшизу: Инновационные технологические решения для развития бизнеса; Уникальный проект независимого барного острова на основе …";Франшиза MY
http://coffee-franchise.ru/uslovia/;"
Условия - Каталог франшиз кофеен и кофе с собой 2019 ";Условия размещения франшизы Добавление франшизы накладывает обязанности на лицо, приславшее и подтвердившее добавление франшизы: Пользователь (франчайзи) самостоятельно отвечает за актуальность контактных данных Пользователь (франчайзи) самостоятельно отвечает за актуальность правдивость размещаемой информации. В случае, если информация не соответствует Законодательству РФ, мы вправе закрыть/удалить страницу размещения. Пользователь (франчайзи), присылая информацию о франшизе подтверждает обработку личных данных — …;Условия размещения франшизы
http://coffee-franchise.ru/rating-top-20-coffee/;"
Рейтинг кофеен - франшизы кофе 2019 ";Самый известный рейтинг кофеен и франших 2017 года.;Рейтинг франшиз кофе с собой в России
http://coffee-franchise.ru/franchise/franshiza-bodryiy-den-kupit-kofeynyu-v/;"
Франшиза Бодрый день - купить кофейню в России - Каталог франшиз кофеен и кофе с собой 2019 ";"Дополнительные города: Украина: Харьков; Россия: Ростов-на-Дону, Казань, Уфа, Челябинск, Красноярск, Екатеринбург, Омск, Нижний Новгород, Самара, Воронеж; Белоруссия: Минск Кофе с собой — отличный вариант стартапа! Мы поможем вам в кратчайшие сроки открыть кофейню в вашем городе. Почему, выбирая вариант для собственного бизнеса, нужно обратить внимание на франшизу «Бодрый день»? За короткое время из небольшой сети …";Франшиза Бодрый день — купить кофейню в России
http://coffee-franchise.ru/franchise/franshiza-scorini-espresso-bar/;"
Франшиза Scorini Espresso Bar - Каталог франшиз кофеен и кофе с собой 2019 ";Дополнительные города: Украина: Харьков, Полтака, Кривой рог, Херсон, Николаев, Сумы, Житомир На данный момент кофейня открыта в Херсоне: приветливый персонал, вкусное кофе и постоянный приток посетителей — достоинства франшизы Scorini Espresso Bar. Компания имеет сеть кофеен в Украине. Есть возможность продать в Россию, однако налоги и расчеты будут несколько другими. Согласно публичной информации, у кофейни …;Франшиза Scorini Espresso Bar
http://coffee-franchise.ru/franchise/franshiza-glazur-i-kofe/;"
Франшиза Глазурь и кофе - Каталог франшиз кофеен и кофе с собой 2019 ";"Дополнительные города: Россия: Нижний Новгород, Казань, Челябинск, Омск, Самара, Уфа, Ростов-на-Дону, Красноярск, Воронеж; Армения: Ереван Формат франшизы Глазурь и Кофе – уютная семейная кофейня, с незабываемыми домашними пончиками и кофе. Посетители непременно возвращаются в кафе, чтобы вновь оценить качество и свежесть выпечки и кофе. Владельцам удалось разработать уникальную рецептуру изготовления пончиков, обеспечив, таким образом, своеобразную …";Франшиза Глазурь и кофе
http://coffee-franchise.ru/franchise/franshiza-nice-coffee/;"
Франшиза Nice Coffee - Каталог франшиз кофеен и кофе с собой 2019 ";Дополнительные города: Россия: Москва «Ламповая» милая кофейня Nice Coffee имеет десятки открытых кофеен по франшизе. Современный подход, индивидуальный подход к клиентам кофеен — главное отличие от всех остальных. Наша франшиза самая выгодная в России. Франчайзи, которые приобретают нашу франшизу, после открытия первой точки сразу открывают ещё вторую и третью, потому что понимают, насколько это прибыльно …;Франшиза Nice Coffee
http://coffee-franchise.ru/franchise/franshiza-starbaks-v-rossii/;"
Франшиза Старбакс в России - Каталог франшиз кофеен и кофе с собой 2019 ";"Дополнительные города: Украина: Киев; Россия: Ростов-на-Дону, Казань, Уфа, Челябинск, Красноярск, Омск, Нижний Новгород, Самара, Воронеж Согласно официальным данным, набор франчайзи в данный момент закрыт: https://www.starbucks.co.uk/business/franchised-stores Кто не слышал о всемирно известной сети Starbucks? Теперь возможность открыть кофейню под известнейшим и самым узнаваемым логотипом появилась и у вас! Международная компания Старбакс является безусловным лидером среди заведений …";Франшиза Старбакс в России
http://coffee-franchise.ru/franchise/federalnaya-set-mini-kofeen-coffee-city/;"
Федеральная сеть мини-кофеен Coffee and the City - Каталог франшиз кофеен и кофе с собой 2019 ";;Федеральная сеть мини-кофеен Coffee and the City
http://coffee-franchise.ru/franchise/set-taym-kofeen-jeffreys-coffee/;"
Сеть тайм-кофеен Jeffrey's Coffee - Каталог франшиз кофеен и кофе с собой 2019 ";"Дополнительные города: Украина:Харьков, Киев; Россия: Екатеринбург, Казань, Челябинск, Омск, Красноярск, Самара, Уфа, Ростов-на-Дону, Воронеж, Нижний Новгород Франшиза Jeffreys Coffee – это выгодный бизнес в формате тайм-кафе. Интерьер и оформление с первых шагов погружают посетителей в атмосферу знаменитых нью-йоркских кафе. Требования к подписанию договора очень лояльные, из обязательных можно выделить только одно – площадь кофейни должна …";Сеть тайм-кофеен Jeffrey’s Coffee
http://coffee-franchise.ru/franchise/franshiza-coffee-life/;"
Франшиза COFFEE LIFE - Каталог франшиз кофеен и кофе с собой 2019 ";Дополнительные города: Киеве, Днепропетровске, Харькове и Запорожье.;Франшиза COFFEE LIFE
http://coffee-franchise.ru/franchise/franshiza-silvestre-cafe/;"
Франшиза Silvestre Cafe - Каталог франшиз кофеен и кофе с собой 2019 ";Что входит во франшизу кофейного бизнеса — Описанные бизнес процесса — Использование товарного знака — Обучение персонала — Помощь подборе помещение и выезд команды франчайзера на место для помощи в открытии — Сопровождение и поддержка франчайзи в процессе работы — Дизайн макет — Помощь в заказе мебели — Помощь в покупке оборудованные — Помощь в …;Франшиза Silvestre Cafe
http://coffee-franchise.ru/franchise/shokoladnitsa-franshiza-kofeyni/;"
Шоколадница – франшиза кофейни - Каталог франшиз кофеен и кофе с собой 2019 ";"Дополнительные города: Россия: Екатеринбург, Нижний Новгород, Казань, Новосибирск, Челябинск, Омск, Самара, Уфа, Ростов-на-Дону, Красноярск, Воронеж; Если вы выбрали для покупки франшизу Шоколадница, считайте, что сделали выгодное вложение. Бренд является одним из самых узнаваемых и длительно существующих на территории бывшего СССР. Сеть кофеен Шоколадница насчитывает более 300 заведений в России и за рубежом. На данный момент …";Шоколадница – франшиза кофейни
http://coffee-franchise.ru/franchise/franshiza-kofejni-jeffreys/;"
Франшиза кофейни Jeffreys - Каталог франшиз кофеен и кофе с собой 2019 ";Jeffreys — это ставка на яркую и понятную большинству гостей концепцию, дружелюбное обслуживание и качество продукта. Нам важен успех наших франчайзи, поэтому мы постоянно работаем над улучшением поддержки, поиском средств повышения их выручки и оптимизации издержек. Мы ценим коммерческую жилку, здоровый оптимизм, интерес к кофейной культуре, а также готовность много работать для достижения целей.   …;Франшиза кофейни Jeffreys
http://coffee-franchise.ru/franchise/franshiza-pribyilnoy-mini-kofeyni-coffee-woods/;"
Франшиза прибыльной мини-кофейни Coffee Woods - Каталог франшиз кофеен и кофе с собой 2019 ";"Дополнительные города: Армения: Ереван Россия: Воронеж, Нижний Новгород, Омск, Казань, Челябинск, Самара, Уфа, Ростов-на-Дону, Красноярск; Как начать собственное дело? Купив франшизу Coffee Woods, которая предоставляет уникальную возможность открыть единственную в вашем городе кофейню. Перед компанией не стоит задача продать права на использование бренда как можно большему количеству желающих, эксклюзивность – одна из основных ее концепций. …";Франшиза прибыльной мини-кофейни Coffee Woods
http://coffee-franchise.ru/franchise/dobroekafe-franchise/;"
Доброе кафе - автоматические кофейни 2019 ";Франшиза автоматической кофейни Доброе кафе предлагает заключить договор франшизы на выгодных условиях - постоянная прибыль, минимум обслуживания и минимальный взнос.;Автоматическая кофейня Доброе кофе (франшиза)
http://coffee-franchise.ru/franchise/franchise-gogocoffee/;"
Франшиза GO Кофе, стоимость и условия, отзывы 2019 ";Сеть кофеен Go Кофе предлагает оформить заявку на покупку франшизы кофейни - современное и вкусное кофе, высокий уровень дохода до 250 тысяч рублей и низкая стоимость. Каталог кофейных франшиз России.;Франшиза GO! Кофе
http://coffee-franchise.ru/franchise/franshiza-kofeyni-coffee-in/;"
Франшиза кофейни Coffee In - Каталог франшиз кофеен и кофе с собой 2019 ";"Дополнительные города: Украина: Киев, Харьков; Россия: Челябинск, Нижний Новгород, Ростов-на-Дону, Красноярск, Воронеж, Казань, Омск, Самара, Уфа Coffee In — федеральная сеть «кофе с собой». Компания начала свое активное развитие в начале 2016 года в городе Челябинск. Ежемесячно открываются новые партнеры. Франшиза Coffee In с бизнес-моделью “кофе с собой” идеально подходит для тех, кто хочет иметь …";Франшиза кофейни Coffee In
http://coffee-franchise.ru/franchise/franshiza-federalnoy-seti-kofeen-red-cup/;"
Франшиза федеральной сети кофеен Red Cup - Каталог франшиз кофеен и кофе с собой 2019 ";"Дополнительные города: Армения: Ереван Россия: Нижний Новгород, Казань, Челябинск, Омск, Самара, Уфа, Ростов-на-Дону, Красноярск, Воронеж; Казахстан: Алма-Ата Хотите открыть собственный бизнес? Стоит обратить внимание на активно развивающуюся, но уже узнаваемую сеть кофеен Red Cup. Франшиза Red Cup на данный момент – это более 50 точек формата «Кофе с собой» и команда креативных молодых специалистов, которая …";Франшиза федеральной сети кофеен Red Cup
http://coffee-franchise.ru/franchise/franshiza-moj-kofe/;"
Франшиза ""Мой кофе"" - Каталог франшиз кофеен и кофе с собой 2019 ";Можно ли еще зарабатывать на кофе собой? Можно! И даже нужно! Компания «Мой Кофе» активно перенимает опыт своих иностранных партнеров и делится с читателями. На сегодняшний день, рынок кофе в России отстает от европейского в 7 раз, другими словами нам еще развиваться и развиваться в этом направлении. Среднее потребление кофе тех же наших соседей из …;Франшиза «Мой кофе»
http://coffee-franchise.ru/franchise/franshiza-dunkin-donuts/;"
Франшиза Dunkin’ Donuts - Каталог франшиз кофеен и кофе с собой 2019 ";"Дополнительные города: Казахстан: Алма-Ата; Россия: Нижний Новгород, Красноярск, Нижний Новгород, Воронеж, Казань, Челябинск, Омск, Самара, Уфа, Ростов-на-Дону Международная сеть Данкин Донатс – одна из самых крупных среди кофеен такого формата. Ее фирменным знаком можно считать великолепную выпечку и, конечно, ароматный кофе, который становится обязательным ритуалом для 5 млн человек более чем в 45 странах мира. …";Франшиза Dunkin’ Donuts
http://coffee-franchise.ru/franchise/franshiza-coffee-cake/;"
Франшиза Coffee Cake - Каталог франшиз кофеен и кофе с собой 2019 ";"Дополнительные города: Украина: Харьков; Казахстан: Алма-Ата; Россия: Нижний Новгород, Красноярск, Нижний Новгород, Воронеж, Казань, Челябинск, Омск, Самара, Уфа, Ростов-на-Дону; Армения: Ереван Франшиза Coffee cake – детище сети ресторанов LFR Family, которая одновременно развивает несколько направлений в сфере услуг общественного питания. Почему при выборе собственного бизнеса стоит обратить внимание на франшизу Coffee cake? Это выгодное вложение …";Франшиза Coffee Cake
http://coffee-franchise.ru/franchise/franshiza-love-coffee/;"
Франшиза Love Coffee - Каталог франшиз кофеен и кофе с собой 2019 ";Франшиза мини кофейни LOVE СOFFEE основана в 2014 году и работает по принципу партнёрства. Партнёр зарабатывает продавая кофе в розницу а Love Coffeе зарабатывает на поставка товарного сырья партнёру на дилерскую точку. СУТЬ БИЗНЕС-МОДЕЛИ: Вы зарабатываете на продаже кофе в розницу, размещая кофейню love сoffee в торговом центре или другом людном месте. В среднем в …;Франшиза Love Coffee
http://coffee-franchise.ru/franchise/franshiza-coffeevarka/;"
Франшиза Coffeevarka - кофейное оборудование - Каталог франшиз кофеен и кофе с собой 2019 ";"Дополнительные города: Россия: Казань, Уфа, Челябинск, Красноярск, Екатеринбург, Омск, Нижний Новгород, Самара, Ростов-на-Дону, Воронеж; Украина: Харьков, Киев; Белоруссия: Минск базовая. Город до 500 тысяч человек: паушальный взнос 300 евро, роялти 20 евро; мастер-франшиза, город свыше 500 тысяч человек: паушальный взнос 500 евро, роялти 25 евро; топ-мастер, городе более 1 млн. человек: паушальный платеж 690 евро, …";Франшиза Coffeevarka — кофейное оборудование
http://coffee-franchise.ru/franchise/franshiza-coffee-and-the-city/;"
Франшиза Coffee and the city - Каталог франшиз кофеен и кофе с собой 2019 ";"Дополнительные города: Россия: Самара, Красноярск, Воронеж, Омск, Нижний Новгород, Казань, Уфа, Ростов-на-Дону, Красноярск, Челябинск; Украина: Киев, Харьков; Узбекистан: Ташкент";Франшиза Coffee and the city
http://coffee-franchise.ru/franchise/cofioca-coffee/;"
Кофиока - франшиза кофейни 2019 ";Самарская сесть кофеен Кофиока открывает франшизу на территории РФ - франшиза мультикофеен Кофика. Города: Москва, Самара, Краснодар и Новосибирск. Хипстерское заведение с классическим меню.;Кофиока (кофейня) — условия франшизы
http://coffee-franchise.ru/franchise/franshiza-surf-coffee/;"
Франшиза Surf Coffee - Каталог франшиз кофеен и кофе с собой 2019 ";Дополнительные города: Россия: Москва, Комчатка, Сочи, Санкт-Петербург, Ярославль, Обнинск Беларусь: Минск Не имеет значения размер города, страна это или район. Мы открыты для единомышленников, разделяющих наш путь. Будь нашим проводником в своем городе или стране. По вопросам открытия кофейни пишите нам на почту TEAM@SURFCOFFEE.RU;Франшиза Surf Coffee
http://coffee-franchise.ru/franchise/franshiza-don-pedro/;"
Франшиза Don Pedro - Каталог франшиз кофеен и кофе с собой 2019 ";Дополнительные города: Украина: Киев;Франшиза Don Pedro
http://coffee-franchise.ru/franchise/franshiza-coffee-bean/;"
Франшиза Coffee Bean - Каталог франшиз кофеен и кофе с собой 2019 ";Дополнительные города: Россия: Хабаровск, Владивосток, Санкт-Петербург, Ростов-на-Дону, Майкоп, Сочи, Анапа, Екатеринбург, Уфа, Челябинск./li> Coffee Bean – первая сетевая кофейня, появившаяся в Москве. Уже более 20 лет мы успешно развиваем культуру времяпрепровождения за чашечкой ароматного кофе. В 1996 году возле станции метро «Кузнецкий мост» появился первый, ставший легендарным, Coffee Bean. Изначально он существовал как кофейный магазин, …;Франшиза Coffee Bean
http://coffee-franchise.ru/franchise/kafe-po-prodazhe-trendovyih-napitkov/;"
Кафе по продаже трендовых напитков - Tea Funny - Каталог франшиз кофеен и кофе с собой 2019 ";"Дополнительные города: Россия: Москва, Санкт-Петербург, Новосибирск, Екатеринбург, Нижний Новгород, Казань, Челябинск, Омск, Самара, Уфа, Ростов-на-Дону, Красноярск, Воронеж; Казахстан: Алма-Ата; Узбекистан: Ташкент Что такое франшиза Tea Funny? Это успешная международная компания, которая предлагает работающий и рентабельный бизнес по приготовлению и продаже безалкогольных напитков уникальной рецептуры. Чем интересна франшиза Tea Funny для партнера? Это возможность открыть собственный …";Кафе по продаже трендовых напитков — Tea Funny
http://coffee-franchise.ru/franchise/frachise-travelers-coffee/;"
Франшиза кофеен Traveler’s Coffee - Каталог франшиз кофеен и кофе с собой 2019 ";"Дополнительные города: Армения: Ереван; Россия: Нижний Новгород, Казань, Челябинск, Омск, Самара, Уфа, Ростов-на-Дону, Красноярск, Воронеж Traveler’s Coffee Долгосрочный договор коммерческой концессии – 7 лет Traveler’s Coffee компания, основной деятельностью которой является продажа кофейных зерен и содержание собственной сети кофеен. В составе компании собственное производство по продаже кондитерских изделий и цеха по обжарке кофе. Traveler s …";Франшиза кофеен Traveler’s Coffee
http://coffee-franchise.ru/franchise/franshiza-coffeeshop-company/;"
Франшиза Coffeeshop Company 2017 - кофейня европейского уровня 2019 ";Европейская кофейня Coffeshop Company давно находится на рынке франшиз России. Высокие требования к франчайзи и высокая прибыль - это все о Кофешоп Компани в каталоге франшиз coffee-franshise.ru;Франшиза Coffeeshop Company
http://coffee-franchise.ru/franchise/franshiza-jet-coffee/;"
Франшиза Jet Coffee - Каталог франшиз кофеен и кофе с собой 2019 ";"Дополнительные города: Россия: Казань, Уфа, Челябинск, Красноярск, Екатеринбург, Омск, Нижний Новгород, Самара, Ростов-на-Дону, Воронеж; Армения: Ереван; Белоруссия: Минск; Казахстан: Алма-Ата Молодая, но амбициозная, и уже успешная – все это о сети кофеен «Jet coffee». Рынку она известна не так давно, но ворвалась компания в него настоящим ураганом, принеся новые идеи построения, развития и расширения бизнеса. …";Франшиза Jet Coffee
http://coffee-franchise.ru/franchise/franshiza-star-bike-coffee/;"
Франшиза Star Bike Coffee - Каталог франшиз кофеен и кофе с собой 2019 ";"Дополнительные города: Россия: Нижний Новгород, Казань, Челябинск, Омск, Самара, Уфа, Ростов-на-Дону, Красноярск, Воронеж; Украина: Харьков; Армения: Ереван Star Bike Coffee Star Bike Coffee — свежий взгляд на продажу кофе в мобильных кофейнях, где качество как в стационарных заведениях, а возможность менять место продажи напитка – как в автомобильных кофейнях. Франшиза Стар байк синтезировала все ведущие …";Франшиза Star Bike Coffee
http://coffee-franchise.ru/franchise/kotofey-kofe/;"
Франшиза кофейни Котофей - Каталог франшиз кофеен и кофе с собой 2019 ";Мы — сеть экспресс-кофеен. За 2 года открыли 12 точек в разных уголках нашей страны разного формата — от крохотной стойки на вынос площадью всего 2 кв.м. до полноценной красивой сидячей кофейни 80 кв.м. Основные показатели франшизы: Инвестиции: от 300 000 рублей (вместе со взносом). Срок открытия: от 30 дней. Окупаемость: от 5 до 8 …;Франшиза кофейни Котофей
http://coffee-franchise.ru/franchise/franshiza-untsiya/;"
Франшиза Унция - Каталог франшиз кофеен и кофе с собой 2019 ";"Дополнительные города: Белоруссия: Минск Россия: Уфа, Нижний Новгород, Красноярск, Челябинск, Омск, Самара, Екатеринбург Ростов-на-Дону, Воронеж; Армения: Ереван Казахстан: Алма-Ата Азербайджан: Баку Франшиза Унция – это уникальная сеть магазинов, в которой можно купить редкий сорт чая или кофе на развес. Компания на рынке уже 14 лет, за это время открылось более 70 предприятий под логотипом бренда. …";Франшиза Унция
http://coffee-franchise.ru/franchise/franshiza-zdes-kofe/;"
Франшиза Здесь Кофе - сеть мини-кофеен в формате «coffee to go» 2019 ";"Дополнительные города: Украина: Харьков; Россия: Самара, Красноярск, Воронеж, Омск, Новосибирск, Нижний Новгород, Казань, Уфа, Ростов-на-Дону, Красноярск, Челябинск; Узбекистан: Ташкент";Франшиза Здесь Кофе
http://coffee-franchise.ru/franchise/chayburg-official/;"
Чайбург - чай и кофе, отзывы и меню 2019 ";Откройте собственный магазин чая и кофе по франшизе Чайбург. Только положительные отзывы, высокая прибыль и выгодные условия работы по франшизе Чайбург.;Чайбург — чай и кофе
http://coffee-franchise.ru/franchise/franshiza-federalnoy-seti-coffee-moose/;"
Франшиза федеральной сети Coffee Moose - Каталог франшиз кофеен и кофе с собой 2019 ";"Дополнительные города: Россия; СНГ; Европа. Франшиза Coffee Moose уже представлена в 60 городах России, поэтому, можно сказать, что сравнительно молодой бизнес уже успел найти своих поклонников и почитателей. Официальные ресурсы: – https://vk.com/blog_zb – https://www.youtube.com/channel/UCQFc822nYQsOpX4oClUqNpw В настоящее время в составе холдинга развиваются такие бренды как: Coffee Moose – сеть кофеен «кофе с собой» HotDogger – сеть …";Франшиза федеральной сети Coffee Moose
http://coffee-franchise.ru/franchise/franshiza-kosmicheskoy-kofeyni-coffee-space/;"
Франшиза космической кофейни COFFEE SPACE - Каталог франшиз кофеен и кофе с собой 2019 ";"Дополнительные города: Россия: Нижний Новгород, Казань, Челябинск, Омск, Самара, Уфа, Ростов-на-Дону, Красноярск, Воронеж; Армения: Ереван Франшиза Coffee Space – молодая, но стремительно развивающаяся сеть кофеен, с провокационным и креативным подходом к своему делу. Такая концепция принесла бренду успех и на данный момент насчитывается более 30 предприятий под логотипом компании. Какие возможности дает франшиза кофейни Coffee …";Франшиза космической кофейни COFFEE SPACE
http://coffee-franchise.ru/franchise/franshiza-dom-kofe-gurme-kofe-s-soboy/;"
Франшиза - Дом Кофе Гурмэ, «кофе с собой» - Каталог франшиз кофеен и кофе с собой 2019 ";"Дополнительные города: Россия: Нижний Новгород, Казань, Челябинск, Омск, Самара, Уфа, Ростов-на-Дону, Красноярск, Воронеж; Украина: Киев, Харьков Гурмэ Дом кофе Гурмэ – компания по торговле отличным свежеобжаренным кофе. Срок работы на рынке – 16 лет. Дом кофе производит обжарку продукта малыми партиями, предоставляя возможность покупателям получать самый свежий продукт. Компания составляет смеси лучшего кофе и купажи …";Франшиза — Дом Кофе Гурмэ, «кофе с собой»
http://coffee-franchise.ru/franchise/franshiza-coffeery-king/;"
Франшиза Coffeery King - Каталог франшиз кофеен и кофе с собой 2019 ";"Дополнительные города: Узбекистан: Ташкент; Россия: Самара, Казань, Красноярск, Омск, Новосибирск, Красноярск, Нижний Новгород, Воронеж, Уфа, Ростов-на-Дону, Челябинск";Франшиза Coffeery King
http://coffee-franchise.ru/franchise/franshiza-my-coffee/;"
Франшиза My Coffee - Каталог франшиз кофеен и кофе с собой 2019 ";"Дополнительные города: Казахстан: Алма-Ата; Белоруссия: Минск; Россия: Нижний Новгород, Красноярск, Нижний Новгород, Воронеж, Казань, Челябинск, Омск, Самара, Уфа, Ростов-на-Дону; Армения: Ереван Франшиза My Coffee – это уникальная возможность собственного бизнеса подходящего формата: от варианта «Кофе с собой» до полноценной кофейни в стиле премиум-класса с посадочными местами. Стоимость украинской франшизы My Coffee зависит от формата выбранной …";Франшиза My Coffee
http://coffee-franchise.ru/franchise/takeandwake-coffee/;"
Кофейня Take and Wake - современная франшиза 2019 ";Take and Wake - это уникальная кофейня с высочайшим уровнем организации системы франшизы в России. Выгодные условия, описания и отзывы о франшизе на сайте Coffee-Franchise.ru;Кофейня Take and Wake
http://coffee-franchise.ru/franchise/franshiza-bricks-kofeynya/;"
Bricks франшиза - подробности о кофейне в Украине и России 2019 ";Bricks кафе - это вкуснейший кофе и всегда уютное место для любителей оригинального кофе. С данной франшизой можно создать успешный бизнес с высоким доходом.;Франшиза Bricks — кофейня
http://coffee-franchise.ru/franchise/franshiza-vintage/;"
Франшиза магазина чая, кофе и подарков VINTAGE 2019 ";"Дополнительные города: Белоруссия: Минск; Россия: Самара, Красноярск, Воронеж, Омск, Нижний Новгород, Казань, Уфа, Ростов-на-Дону, Красноярск, Челябинск; Украина: Киев";Франшиза VINTAGE
http://coffee-franchise.ru/franchise/franshiza-gagarin-coffee/;"
Gagarin coffee - франшиза типа ""coffee to go"" 2019 ";"Дополнительные города: Узбекистан: Ташкент; Россия: Самара, Казань, Красноярск, Омск, Красноярск, Нижний Новгород, Воронеж, Уфа, Ростов-на-Дону, Челябинск";Франшиза Gagarin coffee
http://coffee-franchise.ru/franchise/cofix-franchise/;"
Кофейня Cofix - условия и стоимость франшизы в Москве 2019 ";Крупнейшая сеть израильской кофейни Cofix открыло направление развитие бизнеса на территории России по франшизе. Одна из самых популярных кофеен Москвы.;Кофейня Cofix — франшиза
http://coffee-franchise.ru/franchise/franshiza-coffee-like/;"
Франшиза Coffee Like - Каталог франшиз кофеен и кофе с собой 2019 ";"Дополнительные города: Армения: Ереван; Россия: Казань, Нижний Новгород, Челябинск, Омск, Самара, Уфа, Ростов-на-Дону, Красноярск, Воронеж Хотите получать стабильный доход при минимальных вложениях? Обратите внимание на франшизу Кофе Лайк. Эта перспективная сеть формата кофе-баров с огромной целевой аудиторией и узнаваемым логотипом бренда. Франшиза Coffee Like за короткое время заняла собственную нишу в сегменте общественного питания, не …";Франшиза Coffee Like
http://coffee-franchise.ru/franchise/franshiza-my-coffee-bike/;"
Франшиза My Coffee Bike - Каталог франшиз кофеен и кофе с собой 2019 ";"Дополнительные города: Россия: Нижний Новгород, Казань, Челябинск, Красноярск, Екатеринбург, Омск, Самара, Ростов-на-Дону, Уфа, Воронеж; Армения: Ереван; Белоруссия: Минск; Казахстан: Алма-Ата Новые форматы – новые горизонты и возможности. Опытные и перспективные компании об этом принципе не забывают, и сегодня на улицах можно увидеть необычные вело-кофейни. «My coffee bike» – франшиза от этой компании станет для франчайзи …";Франшиза My Coffee Bike
